id,name,img,types,bio,evolutions
#0001,Bulbasaur,https://www.pokemon.com/static-assets/content-assets/cms2/img/pokedex/full/001.png,"'Grass,Poison'","For some time after its birth, it uses the nutrients that are packed into the seed on its back in order to grow.","'Ivysaur,Venusaur'"
#0002,Ivysaur,https://www.pokemon.com/static-assets/content-assets/cms2/img/pokedex/full/002.png,"'Grass,Poison'","The more sunlight Ivysaur bathes in, the more strength wells up within it, allowing the bud on its back to grow larger.",'Venusaur'
#0003,Venusaur,https://www.pokemon.com/static-assets/content-assets/cms2/img/pokedex/full/003.png,"'Grass,Poison'","While it basks in the sun, it can convert the light into energy. As a result, it is more powerful in the summertime.
",
#0004,Charmander,https://www.pokemon.com/static-assets/content-assets/cms2/img/pokedex/full/004.png,'Fire',"The flame on its tail shows the strength of its life-force. If Charmander is weak, the flame also burns weakly.","'Charmeleon,Charizard'"
#0005,Charmeleon,https://www.pokemon.com/static-assets/content-assets/cms2/img/pokedex/full/005.png,'Fire',"When it swings its burning tail, the temperature around it rises higher and higher, tormenting its opponents.",'Charizard'
#0006,Charizard,https://www.pokemon.com/static-assets/content-assets/cms2/img/pokedex/full/006.png,"'Fire,Flying'","If Charizard becomes truly angered, the flame at the tip of its tail burns in a light blue shade.",
#0007,Squirtle,https://www.pokemon.com/static-assets/content-assets/cms2/img/pokedex/full/007.png,'Water',"After birth, its back swells and hardens into a shell. It sprays a potent foam from its mouth.","'Wartortle,Blastoise'"
#0008,Wartortle,https://www.pokemon.com/static-assets/content-assets/cms2/img/pokedex/full/008.png,'Water',"Wartortle’s long, furry tail is a symbol of longevity, so this Pokémon is quite popular among older people.",'Blastoise'
#0009,Blastoise,https://www.pokemon.com/static-assets/content-assets/cms2/img/pokedex/full/009.png,'Water',It deliberately increases its body weight so it can withstand the recoil of the water jets it fires.,
#0010,Caterpie,https://www.pokemon.com/static-assets/content-assets/cms2/img/pokedex/full/010.png,'Bug',"For protection, it releases a horrible stench from the antenna on its head to drive away enemies.","'Metapod,Butterfree'"
#0011,Metapod,https://www.pokemon.com/static-assets/content-assets/cms2/img/pokedex/full/011.png,'Bug',"It is waiting for the moment to evolve. At this stage, it can only harden, so it remains motionless to avoid attack.",'Butterfree'
#0012,Butterfree,https://www.pokemon.com/static-assets/content-assets/cms2/img/pokedex/full/012.png,"'Bug,Flying'",It loves the nectar of flowers and can locate flower patches that have even tiny amounts of pollen.,
#0013,Weedle,https://www.pokemon.com/static-assets/content-assets/cms2/img/pokedex/full/013.png,"'Bug,Poison'",Beware of the sharp stinger on its head. It hides in grass and bushes where it eats leaves.,"'Kakuna,Beedrill'"
#0014,Kakuna,https://www.pokemon.com/static-assets/content-assets/cms2/img/pokedex/full/014.png,"'Bug,Poison'","Able to move only slightly. When endangered, it may stick out its stinger and poison its enemy.",'Beedrill'
#0015,Beedrill,https://www.pokemon.com/static-assets/content-assets/cms2/img/pokedex/full/015.png,"'Bug,Poison'",It has three poisonous stingers on its forelegs and its tail. They are used to jab its enemy repeatedly.,
#0016,Pidgey,https://www.pokemon.com/static-assets/content-assets/cms2/img/pokedex/full/016.png,"'Normal,Flying'","Very docile. If attacked, it will often kick up sand to protect itself rather than fight back.","'Pidgeotto,Pidgeot'"
#0017,Pidgeotto,https://www.pokemon.com/static-assets/content-assets/cms2/img/pokedex/full/017.png,"'Normal,Flying'",This Pokémon is full of vitality. It constantly flies around its large territory in search of prey.,'Pidgeot'
#0018,Pidgeot,https://www.pokemon.com/static-assets/content-assets/cms2/img/pokedex/full/018.png,"'Normal,Flying'","This Pokémon flies at Mach 2 speed, seeking prey. Its large talons are feared as wicked weapons.",
#0019,Rattata,https://www.pokemon.com/static-assets/content-assets/cms2/img/pokedex/full/019.png,'Normal',"Will chew on anything with its fangs. If you see one, you can be certain that 40 more live in the area.",'Raticate'
#0020,Raticate,https://www.pokemon.com/static-assets/content-assets/cms2/img/pokedex/full/020.png,'Normal',"Its hind feet are webbed. They act as flippers, so it can swim in rivers and hunt for prey.",
#0021,Spearow,https://www.pokemon.com/static-assets/content-assets/cms2/img/pokedex/full/021.png,"'Normal,Flying'","Inept at flying high. However, it can fly around very fast to protect its territory.",'Fearow'
#0022,Fearow,https://www.pokemon.com/static-assets/content-assets/cms2/img/pokedex/full/022.png,"'Normal,Flying'","A Pokémon that dates back many years. If it senses danger, it flies high and away, instantly.",
#0023,Ekans,https://www.pokemon.com/static-assets/content-assets/cms2/img/pokedex/full/023.png,'Poison',"It can freely detach its jaw to swallow large prey whole. It can become too heavy to move, however.",'Arbok'
#0024,Arbok,https://www.pokemon.com/static-assets/content-assets/cms2/img/pokedex/full/024.png,'Poison',The pattern on its belly appears to be a frightening face. Weak foes will flee just at the sight of the pattern.,
#0025,Pikachu,https://www.pokemon.com/static-assets/content-assets/cms2/img/pokedex/full/025.png,'Electric',"When it is angered, it immediately discharges the energy stored in the pouches in its cheeks.",'Raichu'
#0026,Raichu,https://www.pokemon.com/static-assets/content-assets/cms2/img/pokedex/full/026.png,'Electric',"Its tail discharges electricity into the ground, protecting it from getting shocked.",
#0027,Sandshrew,https://www.pokemon.com/static-assets/content-assets/cms2/img/pokedex/full/027.png,'Ground',"It digs deep burrows to live in. When in danger, it rolls up its body to withstand attacks.",'Sandslash'
#0028,Sandslash,https://www.pokemon.com/static-assets/content-assets/cms2/img/pokedex/full/028.png,'Ground',It is adept at attacking with the spines on its back and its sharp claws while quickly scurrying about.,
#0029,Nidoran♀,https://www.pokemon.com/static-assets/content-assets/cms2/img/pokedex/full/029.png,'Poison',"Females are more sensitive to smells than males. While foraging, they’ll use their whiskers to check wind direction and stay downwind of predators.","'Nidorina,Nidoqueen'"
#0030,Nidorina,https://www.pokemon.com/static-assets/content-assets/cms2/img/pokedex/full/030.png,'Poison',The horn on its head has atrophied. It’s thought that this happens so Nidorina’s children won’t get poked while their mother is feeding them.,'Nidoqueen'
#0031,Nidoqueen,https://www.pokemon.com/static-assets/content-assets/cms2/img/pokedex/full/031.png,"'Poison,Ground'","Nidoqueen is better at defense than offense. With scales like armor, this Pokémon will shield its children from any kind of attack.",
#0032,Nidoran♂,https://www.pokemon.com/static-assets/content-assets/cms2/img/pokedex/full/032.png,'Poison',"The horn on a male Nidoran’s forehead contains a powerful poison. This is a very cautious Pokémon, always straining its large ears.","'Nidorino,Nidoking'"
#0033,Nidorino,https://www.pokemon.com/static-assets/content-assets/cms2/img/pokedex/full/033.png,'Poison',"With a horn that’s harder than diamond, this Pokémon goes around shattering boulders as it searches for a moon stone.",'Nidoking'
#0034,Nidoking,https://www.pokemon.com/static-assets/content-assets/cms2/img/pokedex/full/034.png,"'Poison,Ground'","When it goes on a rampage, it’s impossible to control. But in the presence of a Nidoqueen it’s lived with for a long time, Nidoking calms down.",
#0035,Clefairy,https://www.pokemon.com/static-assets/content-assets/cms2/img/pokedex/full/035.png,'Fairy',"On nights with a full moon, Clefairy gather from all over and dance. Bathing in moonlight makes them float.",'Clefable'
#0036,Clefable,https://www.pokemon.com/static-assets/content-assets/cms2/img/pokedex/full/036.png,'Fairy',"Said to live in quiet, remote mountains, this type of fairy has a strong aversion to being seen.",
#0037,Vulpix,https://www.pokemon.com/static-assets/content-assets/cms2/img/pokedex/full/037.png,'Fire',"If it is attacked by an enemy that is stronger than itself, it feigns injury to fool the enemy and escapes.",'Ninetales'
#0038,Ninetales,https://www.pokemon.com/static-assets/content-assets/cms2/img/pokedex/full/038.png,'Fire',Some legends claim that each of its nine tails has its own unique type of special mystical power.,
#0039,Jigglypuff,https://www.pokemon.com/static-assets/content-assets/cms2/img/pokedex/full/039.png,"'Normal,Fairy'","When its huge eyes waver, it sings a mysteriously soothing melody that lulls its enemies to sleep.",'Wigglytuff'
#0040,Wigglytuff,https://www.pokemon.com/static-assets/content-assets/cms2/img/pokedex/full/040.png,"'Normal,Fairy'","It has a very fine fur. Take care not to make it angry, or it may inflate steadily and hit with a body slam.",
#0041,Zubat,https://www.pokemon.com/static-assets/content-assets/cms2/img/pokedex/full/041.png,"'Poison,Flying'","It emits ultrasonic waves from its mouth to check its surroundings. Even in tight caves, Zubat flies around with skill.",'Golbat'
#0042,Golbat,https://www.pokemon.com/static-assets/content-assets/cms2/img/pokedex/full/042.png,"'Poison,Flying'","It loves to drink other creatures’ blood. It’s said that if it finds others of its kind going hungry, it sometimes shares the blood it’s gathered.",
#0043,Oddish,https://www.pokemon.com/static-assets/content-assets/cms2/img/pokedex/full/043.png,"'Grass,Poison'","Its scientific name is Oddium wanderus. It is said to cover distances as far as 1,000 feet when night falls, walking on its two roots.","'Gloom,Vileplume'"
#0044,Gloom,https://www.pokemon.com/static-assets/content-assets/cms2/img/pokedex/full/044.png,"'Grass,Poison'",The fluid that oozes from its mouth isn’t drool. It is a nectar that is used to attract prey.,'Vileplume'
#0045,Vileplume,https://www.pokemon.com/static-assets/content-assets/cms2/img/pokedex/full/045.png,"'Grass,Poison'","The bud bursts into bloom with a bang. It then starts scattering allergenic, poisonous pollen.",
#0046,Paras,https://www.pokemon.com/static-assets/content-assets/cms2/img/pokedex/full/046.png,"'Bug,Grass'",Burrows under the ground to gnaw on tree roots. The mushrooms on its back absorb most of the nutrition.,'Parasect'
#0047,Parasect,https://www.pokemon.com/static-assets/content-assets/cms2/img/pokedex/full/047.png,"'Bug,Grass'",The bug host is drained of energy by the mushroom on its back. The mushroom appears to do all the thinking.,
#0048,Venonat,https://www.pokemon.com/static-assets/content-assets/cms2/img/pokedex/full/048.png,"'Bug,Poison'",Poison oozes from all over its body. It catches small bug Pokémon at night that are attracted by light.,'Venomoth'
#0049,Venomoth,https://www.pokemon.com/static-assets/content-assets/cms2/img/pokedex/full/049.png,"'Bug,Poison'","The wings are covered with dustlike scales. Every time it flaps its wings, it looses highly toxic dust.",
#0050,Diglett,https://www.pokemon.com/static-assets/content-assets/cms2/img/pokedex/full/050.png,'Ground',"It lives about one yard underground, where it feeds on plant roots. It sometimes appears aboveground.",'Dugtrio'
#0051,Dugtrio,https://www.pokemon.com/static-assets/content-assets/cms2/img/pokedex/full/051.png,'Ground',"Its three heads bob separately up and down to loosen the soil nearby, making it easier for it to burrow.",
#0052,Meowth,https://www.pokemon.com/static-assets/content-assets/cms2/img/pokedex/full/052.png,'Normal',"All it does is sleep during the daytime. At night, it patrols its territory with its eyes aglow.",'Persian'
#0053,Persian,https://www.pokemon.com/static-assets/content-assets/cms2/img/pokedex/full/053.png,'Normal',"Although its fur has many admirers, it is tough to raise as a pet because of its fickle meanness.",
#0054,Psyduck,https://www.pokemon.com/static-assets/content-assets/cms2/img/pokedex/full/054.png,'Water',"It is constantly wracked by a headache. When the headache turns intense, it begins using mysterious powers.",'Golduck'
#0055,Golduck,https://www.pokemon.com/static-assets/content-assets/cms2/img/pokedex/full/055.png,'Water',"When it swims at full speed using its long, webbed limbs, its forehead somehow begins to glow.",
#0056,Mankey,https://www.pokemon.com/static-assets/content-assets/cms2/img/pokedex/full/056.png,'Fighting',"It lives in groups in the treetops. If it loses sight of its group, it becomes infuriated by its loneliness.",'Primeape'
#0057,Primeape,https://www.pokemon.com/static-assets/content-assets/cms2/img/pokedex/full/057.png,'Fighting',It becomes wildly furious if it even senses someone looking at it. It chases anyone that meets its glare.,
#0058,Growlithe,https://www.pokemon.com/static-assets/content-assets/cms2/img/pokedex/full/058.png,'Fire',It has a brave and trustworthy nature. It fearlessly stands up to bigger and stronger foes.,'Arcanine'
#0059,Arcanine,https://www.pokemon.com/static-assets/content-assets/cms2/img/pokedex/full/059.png,'Fire',An ancient picture scroll shows that people were captivated by its movement as it ran through prairies.,
#0060,Poliwag,https://www.pokemon.com/static-assets/content-assets/cms2/img/pokedex/full/060.png,'Water',The swirl on its belly is its insides showing through the skin. It appears more clearly after Poliwag eats.,"'Poliwhirl,Poliwrath'"
#0061,Poliwhirl,https://www.pokemon.com/static-assets/content-assets/cms2/img/pokedex/full/061.png,'Water',"Its two legs are well developed. Even though it can live on the ground, it prefers living in water.",'Poliwrath'
#0062,Poliwrath,https://www.pokemon.com/static-assets/content-assets/cms2/img/pokedex/full/062.png,"'Water,Fighting'","Although it’s skilled in a style of dynamic swimming that uses all its muscles, for some reason it lives on dry land.",
#0063,Abra,https://www.pokemon.com/static-assets/content-assets/cms2/img/pokedex/full/063.png,'Psychic',This Pokémon uses its psychic powers while it sleeps. The contents of Abra’s dreams affect the powers that the Pokémon wields.,"'Kadabra,Alakazam'"
#0064,Kadabra,https://www.pokemon.com/static-assets/content-assets/cms2/img/pokedex/full/064.png,'Psychic',"Using its psychic power, Kadabra levitates as it sleeps. It uses its springy tail as a pillow.",'Alakazam'
#0065,Alakazam,https://www.pokemon.com/static-assets/content-assets/cms2/img/pokedex/full/065.png,'Psychic',"It has an incredibly high level of intelligence. Some say that Alakazam remembers everything that ever happens to it, from birth till death.",
#0066,Machop,https://www.pokemon.com/static-assets/content-assets/cms2/img/pokedex/full/066.png,'Fighting',"Its whole body is composed of muscles. Even though it’s the size of a human child, it can hurl 100 grown-ups.","'Machoke,Machamp'"
#0067,Machoke,https://www.pokemon.com/static-assets/content-assets/cms2/img/pokedex/full/067.png,'Fighting',"Its muscular body is so powerful, it must wear a power-save belt to be able to regulate its motions.",'Machamp'
#0068,Machamp,https://www.pokemon.com/static-assets/content-assets/cms2/img/pokedex/full/068.png,'Fighting',"It punches with its four arms at blinding speed. It can launch 1,000 punches in two seconds.",
#0069,Bellsprout,https://www.pokemon.com/static-assets/content-assets/cms2/img/pokedex/full/069.png,"'Grass,Poison'","No matter what Bellsprout is doing, if it detects movement nearby, it will immediately react by reaching out with its thin vines.","'Weepinbell,Victreebell'"
#0070,Weepinbell,https://www.pokemon.com/static-assets/content-assets/cms2/img/pokedex/full/070.png,"'Grass,Poison'","Even though it is filled with acid, it does not melt because it also oozes a protective fluid.",'Victreebell'
#0071,Victreebel,https://www.pokemon.com/static-assets/content-assets/cms2/img/pokedex/full/071.png,"'Grass,Poison'",It lures prey into its mouth with a nectar-like aroma. The helpless prey is melted with a dissolving fluid.,
#0072,Tentacool,https://www.pokemon.com/static-assets/content-assets/cms2/img/pokedex/full/072.png,"'Water,Poison'","When the tide goes out, dehydrated Tentacool can be found left behind on the shore.",'Tentacruel'
#0073,Tentacruel,https://www.pokemon.com/static-assets/content-assets/cms2/img/pokedex/full/073.png,"'Water,Poison'","On the rare occasions that large outbreaks of Tentacruel occur, all fish Pokémon disappear from the surrounding sea.",
#0074,Geodude,https://www.pokemon.com/static-assets/content-assets/cms2/img/pokedex/full/074.png,"'Rock,Ground'","At rest, it looks just like a rock. Carelessly stepping on it will make it swing its fists angrily.","'Graveler,Golem'"
#0075,Graveler,https://www.pokemon.com/static-assets/content-assets/cms2/img/pokedex/full/075.png,"'Rock,Ground'","A slow walker, it rolls to move. It pays no attention to any object that happens to be in its path.",'Golem'
#0076,Golem,https://www.pokemon.com/static-assets/content-assets/cms2/img/pokedex/full/076.png,"'Rock,Ground'",It is enclosed in a hard shell that is as rugged as slabs of rock. It sheds skin once a year to grow larger.,
#0077,Ponyta,https://www.pokemon.com/static-assets/content-assets/cms2/img/pokedex/full/077.png,'Fire',"About an hour after birth, Ponyta’s fiery mane and tail grow out, giving the Pokémon an impressive appearance.",'Rapidash'
#0078,Rapidash,https://www.pokemon.com/static-assets/content-assets/cms2/img/pokedex/full/078.png,'Fire',"It gallops at nearly 150 mph. With its mane blazing ferociously, it races as if it were an arrow.",
#0079,Slowpoke,https://www.pokemon.com/static-assets/content-assets/cms2/img/pokedex/full/079.png,"'Water,Psychic'",It is incredibly slow and dopey. It takes five seconds for it to feel pain when under attack.,'Slowbro'
#0080,Slowbro,https://www.pokemon.com/static-assets/content-assets/cms2/img/pokedex/full/080.png,"'Water,Psychic'","When a Slowpoke went hunting in the sea, its tail was bitten by a Shellder. That made it evolve into Slowbro.",
#0081,Magnemite,https://www.pokemon.com/static-assets/content-assets/cms2/img/pokedex/full/081.png,"'Electric,Steel'","The electromagnetic waves emitted by the units at the sides of its head expel antigravity, which allows it to float.",'Magneton'
#0082,Magneton,https://www.pokemon.com/static-assets/content-assets/cms2/img/pokedex/full/082.png,"'Electric,Steel'",Three Magnemite are linked by a strong magnetic force. Earaches will occur if you get too close.,
#0083,Farfetch'd,https://www.pokemon.com/static-assets/content-assets/cms2/img/pokedex/full/083.png,"'Normal,Flying'",It can’t live without the stalk it holds. That’s why it defends the stalk from attackers with its life.,
#0084,Doduo,https://www.pokemon.com/static-assets/content-assets/cms2/img/pokedex/full/084.png,"'Normal,Flying'",Its twin heads have exactly the same genes and battle in perfect sync with each other.,'Dodrio'
#0085,Dodrio,https://www.pokemon.com/static-assets/content-assets/cms2/img/pokedex/full/085.png,"'Normal,Flying'","It now has three hearts and three sets of lungs. Though it can’t run as fast as Doduo, Dodrio can keep running for longer stretches of time.",
#0086,Seel,https://www.pokemon.com/static-assets/content-assets/cms2/img/pokedex/full/086.png,'Water',The protrusion on its head is very hard. It is used for bashing through thick ice.,'Dewgong'
#0087,Dewgong,https://www.pokemon.com/static-assets/content-assets/cms2/img/pokedex/full/087.png,"'Water,Ice'","It sleeps under shallow ocean waters during the day, then looks for food at night when it’s colder.",
#0088,Grimer,https://www.pokemon.com/static-assets/content-assets/cms2/img/pokedex/full/088.png,'Poison',"Born from sludge, these Pokémon now gather in polluted places and increase the bacteria in their bodies.",'Muk'
#0089,Muk,https://www.pokemon.com/static-assets/content-assets/cms2/img/pokedex/full/089.png,'Poison',"It’s thickly covered with a filthy, vile sludge. It is so toxic, even its footprints contain poison.",
#0090,Shellder,https://www.pokemon.com/static-assets/content-assets/cms2/img/pokedex/full/090.png,'Water',"It is encased in a shell that is harder than diamond. Inside, however, it is surprisingly tender.",'Cloyster'
#0091,Cloyster,https://www.pokemon.com/static-assets/content-assets/cms2/img/pokedex/full/091.png,"'Water,Ice'","Cloyster that live in seas with harsh tidal currents grow large, sharp spikes on their shells.",
#0092,Gastly,https://www.pokemon.com/static-assets/content-assets/cms2/img/pokedex/full/092.png,"'Ghost,Poison'","It wraps its opponent in its gas-like body, slowly weakening its prey by poisoning it through the skin.","'Haunter,Gengar'"
#0093,Haunter,https://www.pokemon.com/static-assets/content-assets/cms2/img/pokedex/full/093.png,"'Ghost,Poison'",It likes to lurk in the dark and tap shoulders with a gaseous hand. Its touch causes endless shuddering.,'Gengar'
#0094,Gengar,https://www.pokemon.com/static-assets/content-assets/cms2/img/pokedex/full/094.png,"'Ghost,Poison'","To steal the life of its target, it slips into the prey’s shadow and silently waits for an opportunity.",
#0095,Onix,https://www.pokemon.com/static-assets/content-assets/cms2/img/pokedex/full/095.png,"'Rock,Ground'","As it digs through the ground, it absorbs many hard objects. This is what makes its body so solid.",
#0096,Drowzee,https://www.pokemon.com/static-assets/content-assets/cms2/img/pokedex/full/096.png,'Psychic',It remembers every dream it eats. It rarely eats the dreams of adults because children’s are much tastier.,'Hypno'
#0097,Hypno,https://www.pokemon.com/static-assets/content-assets/cms2/img/pokedex/full/097.png,'Psychic',"When it locks eyes with an enemy, it will use a mix of psi moves, such as Hypnosis and Confusion.",
#0098,Krabby,https://www.pokemon.com/static-assets/content-assets/cms2/img/pokedex/full/098.png,'Water',It can be found near the sea. The large pincers grow back if they are torn out of their sockets.,'Kingler'
#0099,Kingler,https://www.pokemon.com/static-assets/content-assets/cms2/img/pokedex/full/099.png,'Water',"The larger pincer has 10,000-horsepower strength. However, it is so heavy, it is difficult to aim.",
#0100,Voltorb,https://www.pokemon.com/static-assets/content-assets/cms2/img/pokedex/full/100.png,'Electric',"It rolls to move. If the ground is uneven, a sudden jolt from hitting a bump can cause it to explode.",'Electrode'
#0101,Electrode,https://www.pokemon.com/static-assets/content-assets/cms2/img/pokedex/full/101.png,'Electric',"The more energy it charges up, the faster it gets. But this also makes it more likely to explode.",
#0102,Exeggcute,https://www.pokemon.com/static-assets/content-assets/cms2/img/pokedex/full/102.png,"'Grass,Psycic'","If you touch one of Exeggcute’s heads, mistaking it for an egg, the other heads will quickly gather and attack you in a swarm.",'Exeggutor'
#0103,Exeggutor,https://www.pokemon.com/static-assets/content-assets/cms2/img/pokedex/full/103.png,"'Grass,Psycic'",It is called the Walking Jungle. Each of the nuts has a face and a will of its own.,
#0104,Cubone,https://www.pokemon.com/static-assets/content-assets/cms2/img/pokedex/full/104.png,'Ground',"When the memory of its departed mother brings it to tears, its cries echo mournfully within the skull it wears on its head.",'Marowak'
#0105,Marowak,https://www.pokemon.com/static-assets/content-assets/cms2/img/pokedex/full/105.png,'Ground',"This Pokémon overcame its sorrow to evolve a sturdy new body. Marowak faces its opponents bravely, using a bone as a weapon.",
#0106,Hitmonlee,https://www.pokemon.com/static-assets/content-assets/cms2/img/pokedex/full/106.png,'Fighting',"At the exact moment it lands a kick on its target, Hitmonlee hardens the muscles on the sole of its foot, maximizing the power of the kick.",
#0107,Hitmonchan,https://www.pokemon.com/static-assets/content-assets/cms2/img/pokedex/full/107.png,'Fighting',"It corners its foes with combo punches from both sides, then finishes them off with a single straight punch launched at over 300 mph.",
#0108,Lickitung,https://www.pokemon.com/static-assets/content-assets/cms2/img/pokedex/full/108.png,'Normal',"If this Pokémon’s sticky saliva gets on you and you don’t clean it off, an intense itch will set in. The itch won’t go away, either.",
#0109,Koffing,https://www.pokemon.com/static-assets/content-assets/cms2/img/pokedex/full/109.png,'Poison',"Toxic gas is held within its thin, balloon-shaped body, so it can cause massive explosions.",'Weezing'
#0110,Weezing,https://www.pokemon.com/static-assets/content-assets/cms2/img/pokedex/full/110.png,'Posion',Top-grade perfume is made using its internal poison gases by diluting them to the highest level.,
#0111,Rhyhorn,https://www.pokemon.com/static-assets/content-assets/cms2/img/pokedex/full/111.png,"'Ground,Rock'","Rhyhorn claims an area with over a six mile radius as its territory. It apparently forgets where this territory is when running, however.",'Rhydon'
#0112,Rhydon,https://www.pokemon.com/static-assets/content-assets/cms2/img/pokedex/full/112.png,"'Ground,Rock'",The horn of a Rhydon is powerful enough to crush raw diamonds. These Pokémon polish their horns by bashing them together.,
#0113,Chansey,https://www.pokemon.com/static-assets/content-assets/cms2/img/pokedex/full/113.png,'Normal',This kindly Pokémon lays highly nutritious eggs and shares them with injured Pokémon or people.,
#0114,Tangela,https://www.pokemon.com/static-assets/content-assets/cms2/img/pokedex/full/114.png,'Grass',"Hidden beneath a tangle of vines that grows nonstop even if the vines are torn off, this Pokémon’s true appearance remains a mystery.",
#0115,Kangaskhan,https://www.pokemon.com/static-assets/content-assets/cms2/img/pokedex/full/115.png,'Normal',"Although it’s carrying its baby in a pouch on its belly, Kangaskhan is swift on its feet. It intimidates its opponents with quick jabs.",
#0116,Horsea,https://www.pokemon.com/static-assets/content-assets/cms2/img/pokedex/full/116.png,'Water',If attacked—even by a large enemy—Horsea effortlessly swims to safety by utilizing its well-developed dorsal fin.,'Seadra'
#0117,Seadra,https://www.pokemon.com/static-assets/content-assets/cms2/img/pokedex/full/117.png,'Water',"The male raises the young. If it is approached while caring for young, it will use its toxic spines to fend off the intruder.",
#0118,Goldeen,https://www.pokemon.com/static-assets/content-assets/cms2/img/pokedex/full/118.png,'Water',"Its dorsal, pectoral, and tail fins wave elegantly in water. That is why it is known as the Water Dancer.",'Seaking'
#0119,Seaking,https://www.pokemon.com/static-assets/content-assets/cms2/img/pokedex/full/119.png,'Water',"In autumn, its body becomes more fatty in preparing to propose to a mate. It takes on beautiful colors.",
#0120,Staryu,https://www.pokemon.com/static-assets/content-assets/cms2/img/pokedex/full/120.png,'Water',"If you visit a beach at the end of summer, you’ll be able to see groups of Staryu lighting up in a steady rhythm.",'Starmie'
#0121,Starmie,https://www.pokemon.com/static-assets/content-assets/cms2/img/pokedex/full/121.png,"'Water,Psychic'",This Pokémon has an organ known as its core. The organ glows in seven colors when Starmie is unleashing its potent psychic powers.,
#0122,Mr. Mime,https://www.pokemon.com/static-assets/content-assets/cms2/img/pokedex/full/122.png,"'Psychic,Fairy'",It is a pantomime expert that can create invisible but solid walls using miming gestures.,
#0123,Scyther,https://www.pokemon.com/static-assets/content-assets/cms2/img/pokedex/full/123.png,"'Bug,Flying'","It slashes through grass with its sharp scythes, moving too fast for the human eye to track.",
#0124,Jynx,https://www.pokemon.com/static-assets/content-assets/cms2/img/pokedex/full/124.png,"'Ice,Psychic'","In certain parts of Galar, Jynx was once feared and worshiped as the Queen of Ice.",
#0125,Electabuzz,https://www.pokemon.com/static-assets/content-assets/cms2/img/pokedex/full/125.png,'Electric',Its body constantly discharges electricity. Getting close to it will make your hair stand on end.,
#0126,Magmar,https://www.pokemon.com/static-assets/content-assets/cms2/img/pokedex/full/126.png,'Fire',"Found near the mouth of a volcano. This fire-breather’s body temperature is nearly 2,200 degrees Fahrenheit.",
#0127,Pinsir,https://www.pokemon.com/static-assets/content-assets/cms2/img/pokedex/full/127.png,'Bug',"These Pokémon judge one another based on pincers. Thicker, more impressive pincers make for more popularity with the opposite gender.",
#0128,Tauros,https://www.pokemon.com/static-assets/content-assets/cms2/img/pokedex/full/128.png,'Normal',"When it targets an enemy, it charges furiously while whipping its body with its long tails.",
#0129,Magikarp,https://www.pokemon.com/static-assets/content-assets/cms2/img/pokedex/full/129.png,'Water',"An underpowered, pathetic Pokémon. It may jump high on rare occasions but never more than seven feet.",'Gyarados'
#0130,Gyarados,https://www.pokemon.com/static-assets/content-assets/cms2/img/pokedex/full/130.png,"'Water,Flying'","Once it appears, it goes on a rampage. It remains enraged until it demolishes everything around it.",
#0131,Lapras,https://www.pokemon.com/static-assets/content-assets/cms2/img/pokedex/full/131.png,"'Water,Ice'",It ferries people across the sea on its back. It may sing an enchanting cry if it is in a good mood.,
#0132,Ditto,https://www.pokemon.com/static-assets/content-assets/cms2/img/pokedex/full/132.png,'Normal',"Its transformation ability is perfect. However, if made to laugh, it can’t maintain its disguise.",
#0133,Eevee,https://www.pokemon.com/static-assets/content-assets/cms2/img/pokedex/full/133.png,'Normal',Its ability to evolve into many forms allows it to adapt smoothly and perfectly to any environment.,"'Vaporeon,Jolteon,Flareon'"
#0134,Vaporeon,https://www.pokemon.com/static-assets/content-assets/cms2/img/pokedex/full/134.png,'Water',"It lives close to water. Its long tail is ridged with a fin, which is often mistaken for a mermaid’s.",
#0135,Jolteon,https://www.pokemon.com/static-assets/content-assets/cms2/img/pokedex/full/135.png,'Electric',It concentrates the weak electric charges emitted by its cells and launches wicked lightning bolts.,
#0136,Flareon,https://www.pokemon.com/static-assets/content-assets/cms2/img/pokedex/full/136.png,'Fire',"Inhaled air is carried to its flame sac, heated, and exhaled as fire that reaches over 3,000 degrees Fahrenheit.",
#0137,Porygon,https://www.pokemon.com/static-assets/content-assets/cms2/img/pokedex/full/137.png,'Normal',"It is an artificial Pokémon. Since it doesn’t breathe, people are excited by its potential to be useful in any environment.",
#0138,Omanyte,https://www.pokemon.com/static-assets/content-assets/cms2/img/pokedex/full/138.png,"'Rock,Water'","Because some Omanyte manage to escape after being restored or are released into the wild by people, this species is becoming a problem.",'Omastar'
#0139,Omastar,https://www.pokemon.com/static-assets/content-assets/cms2/img/pokedex/full/139.png,"'Rock,Water'","Weighed down by a large and heavy shell, Omastar couldn’t move very fast. Some say it went extinct because it was unable to catch food.",
#0140,Kabuto,https://www.pokemon.com/static-assets/content-assets/cms2/img/pokedex/full/140.png,"'Rock,Water'","This species is almost entirely extinct. Kabuto molt every three days, making their shells harder and harder.",'Kabutops'
#0141,Kabutops,https://www.pokemon.com/static-assets/content-assets/cms2/img/pokedex/full/141.png,"'Rock,Water'",Kabutops slices its prey apart and sucks out the fluids. The discarded body parts become food for other Pokémon.,
#0142,Aerodactyl,https://www.pokemon.com/static-assets/content-assets/cms2/img/pokedex/full/142.png,"'Rock,Flying'",This is a ferocious Pokémon from ancient times. Apparently even modern technology is incapable of producing a perfectly restored specimen.,
#0143,Snorlax,https://www.pokemon.com/static-assets/content-assets/cms2/img/pokedex/full/143.png,'Normal',"This gluttonous Pokémon eats constantly, apart from when it’s asleep. It devours nearly 900 pounds of food per day.",
#0144,Articuno,https://www.pokemon.com/static-assets/content-assets/cms2/img/pokedex/full/144.png,"'Ice,Flying'",This legendary bird Pokémon can create blizzards by freezing moisture in the air.,
#0145,Zapdos,https://www.pokemon.com/static-assets/content-assets/cms2/img/pokedex/full/145.png,"'Electric,Flying'",This legendary Pokémon is said to live in thunderclouds. It freely controls lightning bolts.,
#0146,Moltres,https://www.pokemon.com/static-assets/content-assets/cms2/img/pokedex/full/146.png,"'Fire,Flying'",It is one of the legendary bird Pokémon. Its appearance is said to indicate the coming of spring.,
#0147,Dratini,https://www.pokemon.com/static-assets/content-assets/cms2/img/pokedex/full/147.png,'Dragon',"It sheds many layers of skin as it grows larger. During this process, it is protected by a rapid waterfall.","'Dragonair,Dragonite'"
#0148,Dragonair,https://www.pokemon.com/static-assets/content-assets/cms2/img/pokedex/full/148.png,'Dragon',"They say that if it emits an aura from its whole body, the weather will begin to change instantly.",'Dragonite'
#0149,Dragonite,https://www.pokemon.com/static-assets/content-assets/cms2/img/pokedex/full/149.png,"'Dragon,Flying'",It is said that somewhere in the ocean lies an island where these gather. Only they live there.,
#0150,Mewtwo,https://www.pokemon.com/static-assets/content-assets/cms2/img/pokedex/full/150.png,'Psychic',"Its DNA is almost the same as Mew’s. However, its size and disposition are vastly different.",
#0151,Mew,https://www.pokemon.com/static-assets/content-assets/cms2/img/pokedex/full/151.png,'Psychic',"When viewed through a microscope, this Pokémon’s short, fine, delicate hair can be seen.",
,,,,,
,,,,,
,,,,,
,,,,,
,,,,,
,,,,,
,,,,,
,,,,,
,,,,,
,,,,,
,,,,,
,,,,,
,,,,,
,,,,,
,,,,,
,,,,,
,,,,,
,,,,,
,,,,,
,,,,,
,,,,,
,,,,,
,,,,,
,,,,,
,,,,,
,,,,,
,,,,,
,,,,,
,,,,,
,,,,,
,,,,,
,,,,,
,,,,,
,,,,,
,,,,,
,,,,,
,,,,,
,,,,,
,,,,,
,,,,,
,,,,,
,,,,,
,,,,,
,,,,,
,,,,,
,,,,,
,,,,,
,,,,,
,,,,,
,,,,,
,,,,,
,,,,,
,,,,,
